City_ID,City,Cloudiness,Country,Date,Humidity,Lat,Lng,Max Temp,Wind Speed
0,Comodoro Rivadavia,0,AR,2021-11-28 19:41:45,22,-45.8667,-67.5,75.06,28.77
1,Sisimiut,100,GL,2021-11-28 19:44:03,85,66.9395,-53.6735,31.21,11.5
2,Lebu,6,CL,2021-11-28 19:44:04,67,-37.6167,-73.65,56.89,19.64
3,Port Lincoln,1,AU,2021-11-28 19:44:04,77,-34.7333,135.8667,58.89,6.06
4,Rikitea,12,PF,2021-11-28 19:44:04,77,-23.1203,-134.9692,76.33,16.82
5,Ahipara,100,NZ,2021-11-28 19:42:19,71,-35.1667,173.1667,66.34,2.21
6,Alice Springs,0,AU,2021-11-28 19:44:05,77,-23.7,133.8833,56.75,0.0
7,Puerto Ayora,87,EC,2021-11-28 19:42:16,81,-0.7393,-90.3518,76.96,10.07
8,Kearney,1,US,2021-11-28 19:44:05,40,40.6995,-99.0815,56.32,20.71
9,Sola,39,VU,2021-11-28 19:44:06,74,-13.8833,167.55,81.52,8.97
10,Ushuaia,40,AR,2021-11-28 19:41:11,66,-54.8,-68.3,47.86,35.68
11,Hay River,90,CA,2021-11-28 19:44:06,85,60.8156,-115.7999,12.18,9.22
12,Nouadhibou,100,MR,2021-11-28 19:44:06,64,20.931,-17.0347,69.78,14.97
13,Bichena,63,ET,2021-11-28 19:44:07,56,10.45,38.2,52.56,1.83
14,Yumen,0,CN,2021-11-28 19:44:07,48,40.2833,97.2,20.16,15.77
15,Mende,98,FR,2021-11-28 19:44:08,94,44.6667,3.5,22.19,9.71
16,Busselton,23,AU,2021-11-28 19:44:05,85,-33.65,115.3333,60.35,8.59
17,Poenari,100,RO,2021-11-28 19:44:08,89,45.3167,24.65,53.38,2.66
18,Georgetown,20,MY,2021-11-28 19:41:00,88,5.4112,100.3354,76.95,0.0
19,Pula,40,HR,2021-11-28 19:44:09,93,44.8683,13.8481,45.46,6.91
20,Moussoro,25,TD,2021-11-28 19:44:09,11,13.6408,16.4901,81.61,9.75
21,Taltal,25,CL,2021-11-28 19:44:10,66,-25.4,-70.4833,66.31,6.04
22,San Cristobal,62,VE,2021-11-28 19:44:10,52,7.7669,-72.225,78.98,3.58
23,Yellowknife,90,CA,2021-11-28 19:44:11,92,62.456,-114.3525,16.32,14.97
24,Mataura,94,NZ,2021-11-28 19:42:11,61,-46.1927,168.8643,53.67,2.19
25,Dire Dawa,5,ET,2021-11-28 19:44:11,54,9.5931,41.8661,68.05,1.88
26,Laerdalsoyri,0,NO,2021-11-28 19:44:12,79,61.098,7.4816,19.72,2.3
27,Ottawa,75,CA,2021-11-28 19:39:29,59,45.4112,-75.6981,27.03,6.91
28,Kaitangata,100,NZ,2021-11-28 19:44:12,58,-46.2817,169.8464,53.85,7.56
29,Olga,81,RU,2021-11-28 19:43:22,55,43.7444,135.2892,34.09,4.43
30,Boa Vista,40,BR,2021-11-28 19:44:13,40,2.8197,-60.6733,93.18,14.97
31,Bentiu,3,SS,2021-11-28 19:44:13,32,9.2333,29.8333,85.51,5.28
32,Touros,43,BR,2021-11-28 19:44:13,72,-5.1989,-35.4608,86.9,11.86
33,Punta Arenas,75,CL,2021-11-28 19:44:13,57,-53.15,-70.9167,50.11,29.93
34,Vaini,20,TO,2021-11-28 19:43:27,73,-21.2,-175.2,78.96,11.5
35,Nantucket,90,US,2021-11-28 19:44:14,65,41.2835,-70.0995,44.71,8.05
36,Hastings,100,GB,2021-11-28 19:44:15,67,50.8552,0.5729,37.15,13.51
37,Lorengau,96,PG,2021-11-28 19:44:02,81,-2.0226,147.2712,79.9,2.55
38,Tasiilaq,96,GL,2021-11-28 19:44:08,97,65.6145,-37.6368,26.76,3.44
39,Acapulco,40,MX,2021-11-28 19:44:16,66,16.8634,-99.8901,87.62,9.22
40,Shenzhen,7,CN,2021-11-28 19:43:49,57,22.5455,114.0683,69.67,4.12
41,Mathbaria,52,BD,2021-11-28 19:44:16,61,22.2876,89.9593,63.27,4.23
42,Torbay,75,CA,2021-11-28 19:44:16,66,47.6666,-52.7314,47.17,17.27
43,Mahebourg,20,MU,2021-11-28 19:44:17,83,-20.4081,57.7,75.49,3.44
44,Mackay,90,AU,2021-11-28 19:44:17,94,-21.15,149.2,75.18,4.61
45,Hualmay,68,PE,2021-11-28 19:44:17,74,-11.0964,-77.6139,70.68,10.51
46,Hermanus,62,ZA,2021-11-28 19:44:18,83,-34.4187,19.2345,64.36,8.59
47,Caravelas,33,BR,2021-11-28 19:45:18,92,-17.7125,-39.2481,75.27,10.45
48,Longyearbyen,75,SJ,2021-11-28 19:41:27,61,78.2186,15.6401,8.44,26.46
49,Vityazevo,20,RU,2021-11-28 19:45:19,77,44.9931,37.2719,59.41,22.37
50,Flinders,82,AU,2021-11-28 19:45:19,79,-34.5833,150.8552,56.48,5.03
51,Hasaki,1,JP,2021-11-28 19:45:20,48,35.7333,140.8333,34.2,1.43
52,Aklavik,40,CA,2021-11-28 19:45:20,70,68.2191,-135.0107,-13.97,14.97
53,Port Macquarie,100,AU,2021-11-28 19:42:03,84,-31.4333,152.9167,60.76,5.88
54,Thompson,40,CA,2021-11-28 19:45:20,78,55.7435,-97.8558,6.96,3.44
55,Akom,100,CM,2021-11-28 19:45:21,65,2.6678,12.7109,72.93,0.83
56,Bethel,90,US,2021-11-28 19:45:00,69,41.3712,-73.414,37.98,3.44
57,Palana,100,RU,2021-11-28 19:45:21,94,59.1167,159.9667,11.44,8.63
58,Srednekolymsk,100,RU,2021-11-28 19:45:21,98,67.45,153.6833,-33.38,8.63
59,Waingapu,100,ID,2021-11-28 19:45:22,80,-9.6567,120.2641,79.48,4.25
60,Barrow,90,US,2021-11-28 19:42:09,70,71.2906,-156.7887,-11.18,10.36
61,Kruisfontein,0,ZA,2021-11-28 19:45:22,76,-34.0033,24.7314,63.73,18.41
62,Awjilah,100,LY,2021-11-28 19:45:22,20,29.1081,21.2869,77.0,12.26
63,Kaeo,100,NZ,2021-11-28 19:45:23,71,-35.1,173.7833,66.09,1.45
64,Burgas,20,BG,2021-11-28 19:40:42,76,42.5061,27.4678,55.51,0.0
65,Darhan,93,MN,2021-11-28 19:45:23,92,49.4867,105.9228,9.05,1.92
66,Upernavik,5,GL,2021-11-28 19:42:42,78,72.7868,-56.1549,-8.97,11.63
67,Bud,1,US,2021-11-28 19:45:24,40,39.447,-86.1758,44.69,16.33
68,Provideniya,8,RU,2021-11-28 19:42:36,77,64.3833,-173.3,-5.3,5.32
69,San Carlos De Bariloche,20,AR,2021-11-28 19:45:24,16,-41.1456,-71.3082,65.95,25.32
70,Ancud,63,CL,2021-11-28 19:41:47,66,-41.8697,-73.8203,60.33,9.64
71,Tiksi,99,RU,2021-11-28 19:42:39,99,71.6872,128.8694,-13.34,6.44
72,Carnarvon,0,AU,2021-11-28 19:45:25,64,-24.8667,113.6333,75.27,14.97
73,Sangmelima,87,CM,2021-11-28 19:45:25,78,2.9333,11.9833,72.61,2.39
74,Opuwo,85,NA,2021-11-28 19:45:25,26,-18.0607,13.84,72.72,8.52
75,Ndende,89,GA,2021-11-28 19:45:26,93,-2.4008,11.3581,74.59,2.1
76,Avarua,0,CK,2021-11-28 19:42:15,65,-21.2078,-159.775,77.05,4.61
77,Omboue,58,GA,2021-11-28 19:45:26,87,-1.5746,9.2618,77.34,6.73
78,Yuksekova,32,TR,2021-11-28 19:45:26,94,37.5736,44.2872,30.83,2.01
79,Mecca,0,SA,2021-11-28 19:42:27,55,21.4267,39.8261,79.9,3.31
80,Bredasdorp,16,ZA,2021-11-28 19:42:12,79,-34.5322,20.0403,63.72,7.47
81,Mount Isa,75,AU,2021-11-28 19:45:27,31,-20.7333,139.5,76.77,12.66
82,Dunedin,57,NZ,2021-11-28 19:43:32,57,-45.8742,170.5036,58.44,1.99
83,Cherskiy,100,RU,2021-11-28 19:45:28,99,68.75,161.3,-9.02,6.42
84,Westport,90,US,2021-11-28 19:45:21,80,41.1415,-73.3579,40.98,6.91
85,Chokurdakh,75,RU,2021-11-28 19:42:05,100,70.6333,147.9167,-39.28,0.56
86,Tucuman,75,AR,2021-11-28 19:42:33,34,-26.8241,-65.2226,82.4,9.22
87,Libertador General San Martin,88,AR,2021-11-28 19:45:28,56,-23.8064,-64.7876,76.78,4.16
88,Hilo,1,US,2021-11-28 19:44:58,65,19.7297,-155.09,78.53,6.91
89,Yerbogachen,100,RU,2021-11-28 19:45:28,100,61.2767,108.0108,-6.84,2.48
90,Albany,93,US,2021-11-28 19:43:55,74,42.6001,-73.9662,32.58,4.94
91,Guarapari,77,BR,2021-11-28 19:45:29,81,-20.6667,-40.4975,76.89,1.66
92,Cape Town,40,ZA,2021-11-28 19:45:04,88,-33.9258,18.4232,64.81,4.61
93,Saint-Philippe,41,RE,2021-11-28 19:44:49,83,-21.3585,55.7679,76.59,3.65
94,Sheridan,1,US,2021-11-28 19:46:30,36,44.8333,-106.9173,66.38,5.75
95,Tuktoyaktuk,75,CA,2021-11-28 19:41:56,77,69.4541,-133.0374,-9.4,17.27
96,Nemuro,3,JP,2021-11-28 19:46:30,69,43.3236,145.575,39.92,10.67
97,Klaksvik,100,FO,2021-11-28 19:46:30,64,62.2266,-6.589,36.52,7.05
98,Akdepe,43,TM,2021-11-28 19:46:31,52,42.0551,59.3788,30.29,6.58
99,Clyde River,100,CA,2021-11-28 19:42:17,84,70.4692,-68.5914,-5.57,14.97
100,Gat,15,IL,2021-11-28 19:46:31,39,31.61,34.7642,63.28,1.61
101,Puerto Escondido,40,MX,2021-11-28 19:46:32,58,15.85,-97.0667,86.83,5.75
102,Kaseda,39,JP,2021-11-28 19:46:32,76,31.4167,130.3167,52.59,9.31
103,Ukiah,1,US,2021-11-28 19:46:33,67,39.1502,-123.2078,62.49,0.0
104,Coquimbo,4,CL,2021-11-28 19:46:33,69,-29.9533,-71.3436,64.87,9.22
105,Kavieng,74,PG,2021-11-28 19:44:59,79,-2.5744,150.7967,81.18,9.08
106,Coahuayana,0,MX,2021-11-28 19:46:33,36,18.7333,-103.6833,89.08,6.87
107,Margate,44,GB,2021-11-28 19:46:34,78,51.3813,1.3862,37.11,24.34
108,San Quintin,0,MX,2021-11-28 19:46:34,34,30.4833,-115.95,73.0,8.57
109,Ola,100,RU,2021-11-28 19:46:34,90,59.5833,151.2833,14.52,5.57
110,Airai,100,TL,2021-11-28 19:46:35,90,-8.9266,125.4092,60.6,0.96
111,Nanortalik,100,GL,2021-11-28 19:43:29,93,60.1432,-45.2371,41.58,15.03
112,Cockburn Town,40,TC,2021-11-28 19:46:35,65,21.4612,-71.1419,80.56,8.05
113,Ternate,100,ID,2021-11-28 19:46:35,82,0.8,127.4,78.35,1.21
114,Hobart,0,AU,2021-11-28 19:44:45,87,-42.8794,147.3294,51.66,6.91
115,Butaritari,79,KI,2021-11-28 19:46:36,78,3.0707,172.7902,81.5,13.24
116,New Norfolk,38,AU,2021-11-28 19:46:36,88,-42.7826,147.0587,51.3,2.39
117,Itarema,33,BR,2021-11-28 19:46:36,69,-2.9248,-39.9167,83.25,15.93
118,Trairi,36,BR,2021-11-28 19:42:24,69,-3.2778,-39.2689,83.28,11.86
119,Machilipatnam,100,IN,2021-11-28 19:46:37,89,16.1667,81.1333,75.2,10.54
120,Baruun-Urt,82,MN,2021-11-28 19:46:37,98,46.6806,113.2792,7.34,4.36
121,Tocopilla,30,CL,2021-11-28 19:46:37,70,-22.092,-70.1979,68.04,7.9
122,Muli,100,MV,2021-11-28 19:46:38,72,2.9167,73.5667,82.6,15.08
123,Kalmunai,84,LK,2021-11-28 19:46:38,85,7.4167,81.8167,78.51,3.74
124,Lasa,100,IT,2021-11-28 19:46:38,94,46.6166,10.7002,32.88,6.58
125,Shar,5,KZ,2021-11-28 19:46:39,84,49.5886,81.0453,10.47,8.25
126,Nikolskoye,97,RU,2021-11-28 19:43:58,93,59.7035,30.7861,24.69,4.92
127,Atuona,1,PF,2021-11-28 19:46:39,74,-9.8,-139.0333,78.33,18.88
128,Isangel,100,VU,2021-11-28 19:42:11,79,-19.55,169.2667,79.93,6.51
129,Jamestown,90,US,2021-11-28 19:42:19,93,42.097,-79.2353,36.72,12.66
130,Mar Del Plata,90,AR,2021-11-28 19:46:40,88,-38.0023,-57.5575,66.22,16.11
131,Bernay,18,FR,2021-11-28 19:46:40,80,49.1667,0.6667,40.24,7.02
132,Bluff,53,NZ,2021-11-28 19:42:44,70,-46.6,168.3333,54.57,18.54
133,Bay Roberts,78,CA,2021-11-28 19:46:41,74,47.5999,-53.2648,47.95,14.18
134,Marabba,0,SD,2021-11-28 19:46:41,24,12.35,32.1833,89.35,12.33
135,Kapaa,40,US,2021-11-28 19:42:56,69,22.0752,-159.319,77.32,9.22
136,Chuy,100,UY,2021-11-28 19:47:42,95,-33.6971,-53.4616,66.69,3.24
137,Vila Velha,40,BR,2021-11-28 19:43:31,78,-20.3297,-40.2925,76.95,5.75
138,Catamarca,5,AR,2021-11-28 19:47:42,30,-28.4696,-65.7852,82.83,9.01
139,Narayanpet,96,IN,2021-11-28 19:46:46,80,16.7333,77.5,69.76,8.1
140,Kadnikov,98,RU,2021-11-28 19:47:42,88,59.5022,40.338,28.76,10.4
141,Port Alfred,8,ZA,2021-11-28 19:47:43,80,-33.5906,26.891,66.25,7.87
142,Qaanaaq,25,GL,2021-11-28 19:47:43,79,77.484,-69.3632,-8.3,7.85
143,Port Elizabeth,0,ZA,2021-11-28 19:47:44,72,-33.918,25.5701,66.49,25.32
144,Khatanga,100,RU,2021-11-28 19:47:44,98,71.9667,102.5,-8.54,9.17
145,Esperance,92,AU,2021-11-28 19:47:44,87,-33.8667,121.9,64.24,14.97
146,Kolda,0,SN,2021-11-28 19:47:45,58,12.8833,-14.95,86.31,0.0
147,Ambon,96,ID,2021-11-28 19:44:00,74,-3.6954,128.1814,81.55,3.44
148,Severo-Kurilsk,100,RU,2021-11-28 19:47:45,82,50.6789,156.125,33.08,12.57
149,Kutum,0,SD,2021-11-28 19:47:45,19,14.2,24.6667,69.82,9.42
150,Faya,0,SA,2021-11-28 19:46:34,37,18.3851,42.4509,62.71,5.61
151,Hithadhoo,51,MV,2021-11-28 19:42:18,75,-0.6,73.0833,81.52,17.29
152,Jalu,100,LY,2021-11-28 19:47:46,20,29.0331,21.5482,76.53,12.06
153,Key Largo,11,US,2021-11-28 19:47:46,69,25.0865,-80.4473,78.8,3.91
154,Kimbe,100,PG,2021-11-28 19:47:46,90,-5.5502,150.1429,76.48,2.19
155,Bardiyah,100,LY,2021-11-28 19:47:47,42,31.7561,25.0865,74.23,15.61
156,Richards Bay,0,ZA,2021-11-28 19:43:22,67,-28.783,32.0377,74.88,12.95
157,Marystown,85,CA,2021-11-28 19:47:47,79,47.1666,-55.1483,44.17,12.82
158,Bengkulu,100,ID,2021-11-28 19:41:48,86,-3.8004,102.2655,75.94,4.85
159,Lodwar,93,KE,2021-11-28 19:47:47,53,3.1191,35.5973,82.96,14.43
160,Asau,100,RO,2021-11-28 19:43:27,76,46.4333,26.4,43.72,3.87
161,Cabedelo,42,BR,2021-11-28 19:42:18,71,-6.9811,-34.8339,84.87,11.05
162,Vilyuysk,96,RU,2021-11-28 19:47:48,99,63.7553,121.6247,-11.04,4.85
163,Mwene-Ditu,74,CD,2021-11-28 19:47:48,95,-7.0,23.45,65.61,0.96
164,Saskylakh,99,RU,2021-11-28 19:47:49,99,71.9167,114.0833,-18.44,4.65
165,Saldanha,0,ZA,2021-11-28 19:47:49,85,-33.0117,17.9442,64.45,5.44
166,Komsomolskiy,21,UZ,2021-11-28 19:47:49,80,40.4272,71.7189,33.22,4.61
167,Shetpe,37,KZ,2021-11-28 19:47:50,47,44.1667,52.1167,40.23,6.38
168,Haines Junction,100,CA,2021-11-28 19:43:30,69,60.7522,-137.5108,-23.85,1.14
169,Qaqortoq,100,GL,2021-11-28 19:47:50,99,60.7167,-46.0333,37.9,8.3
170,Houma,100,US,2021-11-28 19:47:51,67,29.5958,-90.7195,64.4,2.53
171,Cidreira,100,BR,2021-11-28 19:47:51,85,-30.1811,-50.2056,72.84,7.52
172,Luderitz,4,NA,2021-11-28 19:47:51,83,-26.6481,15.1594,61.86,9.31
173,Kyra,92,RU,2021-11-28 19:47:52,79,49.5776,111.9753,6.35,2.93
174,Constitucion,5,CL,2021-11-28 19:43:32,55,-35.3333,-72.4167,64.36,21.97
175,Nyazepetrovsk,97,RU,2021-11-28 19:47:52,70,56.0531,59.6028,22.55,4.59
176,Norman Wells,99,CA,2021-11-28 19:43:24,95,65.282,-126.8329,-15.25,6.38
177,Koungheul,9,SN,2021-11-28 19:47:52,20,13.9833,-14.8,89.13,12.86
178,Thunder Bay,75,CA,2021-11-28 19:47:53,55,48.4001,-89.3168,31.98,14.97
179,Wewak,100,PG,2021-11-28 19:47:53,85,-3.5534,143.6268,78.84,3.2
180,Okha,100,RU,2021-11-28 19:47:53,71,53.5739,142.9478,22.17,8.68
181,Kandalaksha,81,RU,2021-11-28 19:48:54,96,67.162,32.4123,3.22,0.74
182,Beringovskiy,97,RU,2021-11-28 19:48:54,96,63.05,179.3167,3.65,4.97
183,Guzelyurt,3,TR,2021-11-28 19:48:55,64,38.2772,34.3719,45.39,8.41
184,Broome,90,US,2021-11-28 19:43:32,100,42.2506,-75.833,32.77,6.91
185,Shakawe,77,BW,2021-11-28 19:48:55,57,-18.3667,21.85,75.13,3.78
186,Pacific Grove,1,US,2021-11-28 19:44:46,37,36.6177,-121.9166,71.71,4.61
187,Edd,0,ER,2021-11-28 19:48:56,67,13.9297,41.6925,82.47,10.13
188,Burnie,9,AU,2021-11-28 19:48:47,82,-41.0667,145.9167,50.67,5.75
189,Verkhnevilyuysk,88,RU,2021-11-28 19:48:57,100,63.4453,120.3167,-15.09,3.83
190,Nara,50,JP,2021-11-28 19:46:42,65,34.6851,135.8049,42.08,2.82
191,Karratha,11,AU,2021-11-28 19:43:21,62,-20.7377,116.8463,81.23,4.41
192,Tooele,1,US,2021-11-28 19:48:57,61,40.5308,-112.2983,51.87,0.0
193,Makinsk,95,KZ,2021-11-28 19:48:57,83,52.6292,70.4169,6.76,6.51
194,Gagra,100,GE,2021-11-28 19:48:58,82,43.3283,40.2239,54.52,10.25
195,Tessalit,100,ML,2021-11-28 19:48:58,23,20.1986,1.0114,78.17,8.63
196,Auka,9,HN,2021-11-28 19:48:59,54,14.9333,-83.8333,82.96,8.81
197,Coari,74,BR,2021-11-28 19:48:59,84,-4.085,-63.1414,82.31,0.98
198,Eyl,34,SO,2021-11-28 19:48:59,72,7.9803,49.8164,77.99,17.6
199,Palmer,90,US,2021-11-28 19:47:45,64,42.1584,-72.3287,35.53,4.61
200,Brae,100,GB,2021-11-28 19:49:00,55,60.3964,-1.353,31.91,8.48
201,Iqaluit,90,CA,2021-11-28 19:49:00,63,63.7506,-68.5145,24.53,6.91
202,Geraldton,90,AU,2021-11-28 19:49:01,88,-28.7667,114.6,68.41,11.5
203,Dikson,100,RU,2021-11-28 19:49:01,100,73.5069,80.5464,-15.05,11.97
204,Mandiana,0,GN,2021-11-28 19:49:01,30,10.6333,-8.6833,82.29,3.58
205,Shache,32,CN,2021-11-28 19:49:02,38,38.4167,77.2406,29.08,3.36
206,Hokitika,99,NZ,2021-11-28 19:49:02,77,-42.7167,170.9667,63.37,1.86
207,Kodiak,1,US,2021-11-28 19:48:49,56,57.79,-152.4072,6.31,0.0
208,Faanui,100,PF,2021-11-28 19:41:55,74,-16.4833,-151.75,81.37,11.81
209,Souillac,20,MU,2021-11-28 19:49:03,83,-20.5167,57.5167,75.58,3.44
210,Guerrero Negro,0,MX,2021-11-28 19:49:03,34,27.9769,-114.0611,77.5,6.15
211,Rawlins,1,US,2021-11-28 19:49:03,37,41.7911,-107.2387,54.03,31.07
212,Scarborough,53,GB,2021-11-28 19:48:02,78,54.2797,-0.4044,33.37,13.53
213,Namibe,90,AO,2021-11-28 19:42:16,76,-15.1961,12.1522,69.46,7.0
214,Ayan,14,RU,2021-11-28 19:49:04,69,56.45,138.1667,7.16,16.84
215,Sept-Iles,75,CA,2021-11-28 19:49:04,64,50.2001,-66.3821,32.52,11.5
216,Bafq,100,IR,2021-11-28 19:49:05,43,31.6128,55.4107,59.63,4.68
217,Takoradi,99,GH,2021-11-28 19:49:05,80,4.8845,-1.7554,80.58,6.35
218,Berdigestyakh,100,RU,2021-11-28 19:49:05,99,62.0989,126.6992,-5.62,4.5
219,Begunitsy,100,RU,2021-11-28 19:49:06,94,59.5855,29.3176,23.29,5.75
220,Nadym,100,RU,2021-11-28 19:49:06,97,65.5333,72.5167,-10.79,7.02
221,Baringo,61,KE,2021-11-28 19:49:07,74,0.4667,35.9667,70.5,2.98
222,Victoria,47,HK,2021-11-28 19:49:07,69,22.2855,114.1577,69.78,6.42
223,Xichang,10,CN,2021-11-28 19:49:07,85,27.8964,102.2634,44.87,1.54
224,Tombouctou,4,ML,2021-11-28 19:50:08,22,20.0,-3.0,73.27,10.0
225,Gladstone,75,AU,2021-11-28 19:47:26,83,-23.85,151.25,73.33,6.91
226,Katobu,100,ID,2021-11-28 19:50:08,93,-4.9408,122.5276,75.13,2.59
227,Castro,78,BR,2021-11-28 19:50:08,48,-24.7911,-50.0119,81.28,4.14
228,Porto Novo,98,BJ,2021-11-28 19:50:09,79,6.4965,2.6036,84.02,8.3
229,Katsuura,2,JP,2021-11-28 19:42:17,55,35.1333,140.3,48.31,1.41
230,Praia Da Vitoria,20,PT,2021-11-28 19:50:09,88,38.7333,-27.0667,57.45,3.36
231,Hovd,18,MN,2021-11-28 19:47:52,35,48.0056,91.6419,15.89,0.81
232,Labuhan,100,ID,2021-11-28 19:50:10,90,-6.8844,112.2051,76.19,3.76
233,Mana,14,GF,2021-11-28 19:50:10,67,5.6592,-53.7767,82.58,7.63
234,Atasu,11,KZ,2021-11-28 19:50:10,66,48.6814,71.6433,13.68,7.43
235,Jumla,0,NP,2021-11-28 19:50:10,65,29.2747,82.1838,39.69,4.9
236,Namatanai,82,PG,2021-11-28 19:50:11,82,-3.6667,152.4333,79.54,5.84
237,Mahajanga,20,MG,2021-11-28 19:50:11,78,-15.7167,46.3167,80.62,3.44
238,Gudur,100,IN,2021-11-28 19:50:12,96,14.1333,79.85,73.26,7.09
239,Zhigansk,100,RU,2021-11-28 19:50:12,99,66.7697,123.3711,-8.7,5.39
240,Maridi,45,SS,2021-11-28 19:50:12,83,4.9158,29.4742,70.36,4.5
241,Pisco,0,PE,2021-11-28 19:50:12,64,-13.7,-76.2167,73.45,16.11
242,Camacha,40,PT,2021-11-28 19:50:13,67,33.0833,-16.3333,60.22,12.66
243,Hambantota,99,LK,2021-11-28 19:50:13,88,6.1241,81.1185,77.11,5.53
244,Matagami,20,CA,2021-11-28 19:50:14,92,49.7502,-77.6328,15.91,4.61
245,Deep River,100,CA,2021-11-28 19:45:19,53,46.1001,-77.4995,20.95,1.88
246,Arraial Do Cabo,40,BR,2021-11-28 19:47:44,69,-22.9661,-42.0278,82.36,10.36
247,Kadyy,100,RU,2021-11-28 19:50:15,90,57.787,43.1903,35.35,8.84
248,Markova,74,UA,2021-11-28 19:50:15,89,48.6758,24.4138,39.99,4.7
249,Krasnodon,100,UA,2021-11-28 19:50:15,91,48.2923,39.7373,50.09,12.01
250,Kizilskoye,100,RU,2021-11-28 19:50:16,87,52.7255,58.8937,18.55,5.97
251,Vestmannaeyjar,100,IS,2021-11-28 19:50:16,94,63.4427,-20.2734,41.65,15.99
252,Buala,78,SB,2021-11-28 19:50:16,80,-8.145,159.5921,81.3,6.8
253,Odessa,90,UA,2021-11-28 19:50:17,100,46.4775,30.7326,53.53,13.42
254,Lakes Entrance,9,AU,2021-11-28 19:50:17,87,-37.8811,147.981,51.89,3.71
255,Winnemucca,1,US,2021-11-28 19:48:01,35,40.973,-117.7357,51.85,4.61
256,San Patricio,100,US,2021-11-28 19:50:04,61,28.017,-97.5169,70.21,10.74
257,Seoul,40,KR,2021-11-28 19:48:29,87,37.5683,126.9778,36.84,1.14
258,Taoudenni,4,ML,2021-11-28 19:50:18,20,22.6783,-3.9836,69.93,9.6
259,Cayenne,75,GF,2021-11-28 19:50:18,79,4.9333,-52.3333,84.24,4.61
260,Skibbereen,100,IE,2021-11-28 19:50:19,85,51.55,-9.2667,49.8,12.33
261,Olafsvik,100,IS,2021-11-28 19:50:19,95,64.8945,-23.7142,42.17,8.52
262,Henties Bay,0,NA,2021-11-28 19:50:19,90,-22.116,14.2845,60.42,7.14
263,Ambulu,100,ID,2021-11-28 19:50:20,92,-8.345,113.6058,73.35,3.24
264,Chirongui,17,YT,2021-11-28 19:50:20,77,-12.9319,45.1483,78.73,3.44
265,Blagoyevo,100,RU,2021-11-28 19:50:20,96,63.3667,47.9167,18.88,3.87
266,Wasilla,1,US,2021-11-28 19:48:17,76,61.5814,-149.4394,-1.28,0.0
267,Kotka,100,FI,2021-11-28 19:50:21,76,60.4664,26.9458,18.66,16.13
268,Requena,83,ES,2021-11-28 19:50:21,54,39.4883,-1.1004,44.38,27.25
269,Yanai,66,JP,2021-11-28 19:50:22,73,33.9667,132.1167,41.0,1.81
270,Massakory,29,TD,2021-11-28 19:51:22,12,12.996,15.7293,81.34,9.42
271,Yakeshi,85,CN,2021-11-28 19:51:22,100,49.2833,120.7333,0.68,4.25
272,Tahta,100,EG,2021-11-28 19:51:23,15,26.7693,31.5021,69.91,4.05
273,Yulara,0,AU,2021-11-28 19:51:23,44,-25.2406,130.9889,60.64,4.61
274,Rumia,100,PL,2021-11-28 19:51:23,90,54.5709,18.388,35.11,3.83
275,Polonnaruwa,100,LK,2021-11-28 19:51:24,96,7.9333,81.0,74.41,2.86
276,San Ignacio,40,BZ,2021-11-28 19:51:24,61,17.1561,-89.0714,84.34,3.44
277,Ambanja,100,MG,2021-11-28 19:51:24,91,-13.6833,48.45,75.74,0.65
278,Shalinskoye,100,RU,2021-11-28 19:51:24,83,55.7228,93.7594,19.83,17.22
279,Vardo,40,NO,2021-11-28 19:50:27,86,70.3705,31.1107,17.58,18.41
280,Pangnirtung,75,CA,2021-11-28 19:43:20,54,66.1451,-65.7125,26.6,12.66
281,Cabo San Lucas,100,MX,2021-11-28 19:49:11,73,22.8909,-109.9124,74.66,7.63
282,Baoding,73,CN,2021-11-28 19:51:25,77,38.8511,115.4903,40.78,5.53
283,Damietta,100,EG,2021-11-28 19:51:25,66,31.4165,31.8133,69.69,5.91
284,Wynyard,16,AU,2021-11-28 19:51:26,86,-41.0,145.7167,49.84,5.73
285,Kirkland Lake,97,CA,2021-11-28 19:51:26,73,48.1446,-80.0377,21.49,1.39
286,Jacareacanga,98,BR,2021-11-28 19:51:27,70,-6.2222,-57.7528,83.25,2.55
287,Sal Rei,75,CV,2021-11-28 19:51:27,64,16.1833,-22.9167,75.4,19.57
288,Carballo,99,ES,2021-11-28 19:51:27,91,43.213,-8.691,53.29,8.21
289,Novikovo,100,RU,2021-11-28 19:51:28,93,51.1537,37.8879,41.58,7.99
290,Makokou,86,GA,2021-11-28 19:51:28,82,0.5738,12.8642,72.97,2.37
291,Kununurra,21,AU,2021-11-28 19:51:28,88,-15.7667,128.7333,75.18,0.0
292,Husavik,100,IS,2021-11-28 19:51:29,94,66.0449,-17.3389,28.31,6.04
293,Dauphin,40,CA,2021-11-28 19:51:29,68,51.1494,-100.0502,24.94,5.75
294,Pareora,0,NZ,2021-11-28 19:51:29,78,-44.4871,171.2132,58.66,5.23
295,Makakilo City,1,US,2021-11-28 19:51:29,72,21.3469,-158.0858,77.32,9.22
296,Knysna,94,ZA,2021-11-28 19:51:30,86,-34.0363,23.0471,66.58,7.16
297,Nome,1,US,2021-11-28 19:51:30,69,64.5011,-165.4064,-16.53,5.75
298,Yar-Sale,100,RU,2021-11-28 19:49:01,95,66.8333,70.8333,-7.4,7.85
299,Vila,100,PT,2021-11-28 19:51:31,98,42.0304,-8.1588,43.68,5.77
300,Lichuan,100,CN,2021-11-28 19:51:31,69,30.3,108.85,43.65,1.99
301,Thomasville,91,US,2021-11-28 19:50:35,32,35.8826,-80.082,61.0,7.78
302,Pringsewu,100,ID,2021-11-28 19:51:31,92,-5.3582,104.9744,73.33,3.91
303,Tamandare,76,BR,2021-11-28 19:51:32,76,-8.7597,-35.1047,81.39,13.13
304,Samarai,100,PG,2021-11-28 19:43:23,80,-10.6167,150.6667,82.18,7.58
305,Luau,80,AO,2021-11-28 19:51:32,95,-10.7073,22.2247,65.84,2.51
306,Mayo,51,US,2021-11-28 19:51:32,51,38.8876,-76.5119,60.78,3.6
307,Rodrigues Alves,98,BR,2021-11-28 19:51:33,55,-7.738,-72.6509,91.6,3.13
308,Leningradskiy,85,RU,2021-11-28 19:51:33,94,69.3833,178.4167,-21.14,11.3
309,Pevek,100,RU,2021-11-28 19:51:33,84,69.7008,170.3133,1.45,1.45
310,Sinnai,20,IT,2021-11-28 19:51:34,71,39.3042,9.2036,50.52,3.44
311,Panama City,40,PA,2021-11-28 19:50:27,79,8.9936,-79.5197,82.35,9.22
312,Atar,2,MR,2021-11-28 19:51:34,33,20.5169,-13.0499,66.24,11.18
313,Andenes,90,NO,2021-11-28 19:47:34,93,69.3143,16.1194,26.58,5.75
314,Smithers,75,CA,2021-11-28 19:51:34,87,54.7804,-127.1743,37.72,3.44
315,Odienne,12,CI,2021-11-28 19:52:35,38,9.51,-7.5692,79.79,1.77
316,Kalianget,100,ID,2021-11-28 19:52:35,91,-7.05,113.9333,75.02,4.52
317,Sri Aman,99,MY,2021-11-28 19:52:35,94,1.2376,111.4621,73.45,0.0
318,Sitka,75,US,2021-11-28 19:42:47,86,57.0531,-135.33,31.89,5.75
319,Zharkent,0,KZ,2021-11-28 19:52:36,39,44.1628,80.0,28.29,4.18
320,Morondava,0,MG,2021-11-28 19:52:36,77,-20.2833,44.2833,74.25,2.06
321,Lagoa,60,PT,2021-11-28 19:50:21,55,39.05,-27.9833,60.42,1.59
322,Port-Cartier,100,CA,2021-11-28 19:52:36,65,50.0334,-66.8654,32.22,14.29
323,Komarikhinskiy,100,RU,2021-11-28 19:52:37,94,58.0979,57.1163,27.59,10.45
324,Aykhal,100,RU,2021-11-28 19:52:37,97,66.0,111.5,-15.05,3.89
325,Koygorodok,100,RU,2021-11-28 19:52:37,98,60.445,50.9968,33.39,10.33
326,Nicoya,57,CR,2021-11-28 19:52:37,69,10.1483,-85.452,89.15,11.9
327,Zemio,100,CF,2021-11-28 19:52:38,46,5.0314,25.1361,78.22,3.0
328,Ranong,100,TH,2021-11-28 19:47:51,86,9.9658,98.6348,75.11,3.15
329,Novokruchininskiy,100,RU,2021-11-28 19:52:38,88,51.7833,113.7667,1.13,2.01
330,Camabatela,98,AO,2021-11-28 19:52:38,97,-8.1881,15.375,62.47,2.33
331,Liverpool,20,GB,2021-11-28 19:52:39,93,53.4106,-2.9779,31.95,8.05
332,Joensuu,0,FI,2021-11-28 19:52:39,85,62.6012,29.7632,12.69,3.44
333,Sinnamary,22,GF,2021-11-28 19:43:23,71,5.3833,-52.95,82.18,7.72
334,Luanda,0,AO,2021-11-28 19:48:02,74,-8.8368,13.2343,80.6,6.91
335,Groton,90,US,2021-11-28 19:52:39,75,41.3501,-72.0784,38.91,5.75
336,Chippewa Falls,1,US,2021-11-28 19:50:02,38,44.9369,-91.3929,38.34,13.8
337,Lavrentiya,3,RU,2021-11-28 19:52:40,91,65.5833,-171.0,-12.75,6.76
338,Aksu,4,CN,2021-11-28 19:52:40,59,41.1231,80.2644,26.94,3.67
339,Talnakh,66,RU,2021-11-28 19:52:40,98,69.4865,88.3972,-15.72,2.28
340,Purpe,99,RU,2021-11-28 19:52:41,100,64.4803,76.6897,-18.24,4.88
341,Karoi,95,ZW,2021-11-28 19:52:41,51,-16.8099,29.6925,66.27,5.91
342,Svetlogorsk,100,BY,2021-11-28 19:52:41,96,52.6333,29.7333,39.99,8.23
343,Old Orchard Beach,100,US,2021-11-28 19:52:42,33,43.5173,-70.3775,36.97,6.49
344,Grindavik,90,IS,2021-11-28 19:51:10,100,63.8424,-22.4338,43.27,13.8
345,Aswan,0,EG,2021-11-28 19:52:42,29,24.0934,32.907,76.3,8.05
346,Maarianhamina,90,AX,2021-11-28 19:52:42,80,60.0973,19.9348,24.66,10.36
347,Vao,22,NC,2021-11-28 19:52:39,88,-22.6667,167.4833,75.88,21.7
348,Ambilobe,80,MG,2021-11-28 19:52:43,85,-13.2,49.05,76.42,2.55
349,Guadalajara,93,MX,2021-11-28 19:49:39,33,20.6667,-103.3333,78.19,2.24
350,Martapura,90,ID,2021-11-28 19:52:44,98,-3.4167,114.85,73.49,4.61
351,Den Helder,75,NL,2021-11-28 19:50:38,70,52.9599,4.7593,44.58,8.05
352,Leshukonskoye,100,RU,2021-11-28 19:52:44,93,64.8989,45.7622,11.3,7.16
353,Garowe,13,SO,2021-11-28 19:52:45,45,8.4054,48.4845,75.25,14.43
354,Abis,25,PH,2021-11-28 19:52:45,95,9.7173,122.9438,74.68,4.92
355,Lianzhou,0,CN,2021-11-28 19:52:45,87,24.7811,112.3825,53.04,3.71
356,Seguela,61,CI,2021-11-28 19:52:46,45,7.9611,-6.6731,82.17,4.54
357,Zyryanskoye,99,RU,2021-11-28 19:52:46,92,56.8306,86.6258,19.08,12.01
358,Cururupu,70,BR,2021-11-28 19:49:03,67,-1.8283,-44.8683,84.07,5.75
359,Asfi,0,MA,2021-11-28 19:52:46,54,32.2994,-9.2372,58.05,20.58
360,Waipawa,73,NZ,2021-11-28 19:52:47,72,-41.4122,175.5153,61.43,4.43
361,The Pas,1,CA,2021-11-28 19:52:47,79,53.8251,-101.2541,15.82,6.91
362,Road Town,40,VG,2021-11-28 19:52:47,62,18.4167,-64.6167,86.04,8.05
363,Winnipeg,75,CA,2021-11-28 19:51:38,59,49.8844,-97.147,26.58,1.14
364,Parnu-Jaagupi,94,EE,2021-11-28 19:53:48,92,58.6105,24.5069,26.89,6.73
365,Semnan,2,IR,2021-11-28 19:53:48,55,35.5729,53.3971,47.28,2.26
366,Biscarrosse,75,FR,2021-11-28 19:53:48,93,44.3945,-1.1672,42.75,9.22
367,College,75,US,2021-11-28 19:53:49,71,64.8569,-147.8028,-25.65,0.0
368,Narsaq,100,GL,2021-11-28 19:53:49,100,60.9167,-46.05,38.8,3.09
369,Talaya,100,RU,2021-11-28 19:53:49,99,61.3833,152.75,-8.61,4.32
370,Creel,100,MX,2021-11-28 19:53:50,42,27.75,-107.6333,53.78,13.02
371,Dandong,100,CN,2021-11-28 19:53:50,76,40.1292,124.3947,38.08,2.95
372,Hamilton,1,US,2021-11-28 19:49:36,42,39.1834,-84.5333,45.84,14.97
373,Tabas,93,IR,2021-11-28 19:53:50,29,33.5959,56.9244,57.81,0.92
374,Lompoc,1,US,2021-11-28 19:50:15,18,34.6391,-120.4579,73.81,0.0
375,Hervey Bay,52,AU,2021-11-28 19:53:51,88,-25.2986,152.8535,71.71,14.7
376,Saquena,100,PE,2021-11-28 19:53:51,70,-4.6667,-73.5167,83.55,1.95
377,Lastoursville,100,GA,2021-11-28 19:53:51,85,-0.8143,12.7287,75.22,1.23
378,Kerrobert,45,CA,2021-11-28 19:53:52,89,51.9168,-109.1348,41.2,3.53
379,Armidale,85,AU,2021-11-28 19:53:52,96,-30.5167,151.65,55.22,4.9
380,Tommot,95,RU,2021-11-28 19:53:52,98,58.9564,126.2925,-8.32,2.62
381,Swansea,45,GB,2021-11-28 19:53:53,77,51.6208,-3.9432,39.81,13.69
382,Kilindoni,97,TZ,2021-11-28 19:53:53,77,-7.9139,39.6668,81.3,12.66
383,Angoche,0,MZ,2021-11-28 19:53:53,66,-16.2325,39.9086,76.23,10.42
384,Quang Ngai,100,VN,2021-11-28 19:53:53,95,15.1167,108.8,75.34,11.68
385,Pechenga,33,RU,2021-11-28 19:53:54,93,69.5259,31.1703,-3.14,9.44
386,Fort Payne,1,US,2021-11-28 19:53:54,44,34.4442,-85.7197,58.91,5.75
387,Mattru,74,SL,2021-11-28 19:53:55,93,7.6244,-11.8332,76.01,3.6
388,Darnah,100,LY,2021-11-28 19:53:55,37,32.767,22.6367,75.81,33.44
389,Taua,60,BR,2021-11-28 19:53:56,29,-5.9667,-40.3,92.08,8.16
390,Plymouth,90,US,2021-11-28 19:49:16,62,41.8334,-70.8328,39.04,10.36
391,Bytca,90,SK,2021-11-28 19:53:56,87,49.224,18.5588,39.2,5.75
392,Ofaqim,16,IL,2021-11-28 19:52:58,37,31.3141,34.6203,69.73,0.2
393,Ruwi,0,OM,2021-11-28 19:53:56,50,23.5996,58.5507,75.81,7.36
394,Imbituva,100,BR,2021-11-28 19:50:38,35,-25.23,-50.6044,82.53,6.31
395,Talca,2,CL,2021-11-28 19:53:57,7,-35.4333,-71.6667,82.11,12.44
396,Issenye,100,TZ,2021-11-28 19:53:58,78,-2.0,34.3333,67.5,1.61
397,Rawson,94,AR,2021-11-28 19:53:58,24,-43.3002,-65.1023,74.79,13.44
398,Interlaken,1,US,2021-11-28 19:53:59,48,36.9513,-121.7338,71.89,4.61
399,Lengshuijiang,50,CN,2021-11-28 19:53:59,68,27.6881,111.4294,52.39,2.33
400,Tuatapere,29,NZ,2021-11-28 19:53:59,55,-46.1333,167.6833,55.31,1.92
401,Kropotkin,100,RU,2021-11-28 19:54:00,71,45.4375,40.5756,52.88,5.37
402,Xacmaz,83,AZ,2021-11-28 19:54:00,82,41.4635,48.806,47.01,2.3
403,Mount Gambier,0,AU,2021-11-28 19:54:00,93,-37.8333,140.7667,48.11,5.75
404,Salinopolis,26,BR,2021-11-28 19:54:01,71,-0.6136,-47.3561,83.75,10.98
405,Lazaro Cardenas,4,MX,2021-11-28 19:54:01,52,17.9583,-102.2,85.66,8.7
406,Alofi,65,NU,2021-11-28 19:53:43,61,-19.0595,-169.9187,78.69,12.66
407,Tubuala,100,PA,2021-11-28 19:54:01,84,9.5167,-79.0333,82.51,8.5
408,Salalah,3,OM,2021-11-28 19:55:02,37,17.0151,54.0924,77.31,4.45
409,Klyuchi,23,RU,2021-11-28 19:55:02,86,52.2667,79.1667,13.3,5.93
410,Pran Buri,98,TH,2021-11-28 19:55:02,84,12.3847,99.9098,72.88,10.71
411,Hede,100,CN,2021-11-28 19:55:03,89,33.7681,120.2517,55.45,6.04
412,Vasalemma,100,EE,2021-11-28 19:55:03,87,59.2442,24.29,26.65,7.76
413,Luena,100,AO,2021-11-28 19:55:04,96,-11.7833,19.9167,62.73,3.36
414,Jiquipilas,100,MX,2021-11-28 19:55:05,73,16.6667,-93.65,74.41,8.37
415,Livingston,0,GB,2021-11-28 19:53:17,86,55.9029,-3.5226,32.07,4.61
416,Nchelenge,96,ZM,2021-11-28 19:55:06,85,-9.3451,28.734,70.07,3.98
417,Samana,40,DO,2021-11-28 19:55:06,70,19.2056,-69.3369,88.02,6.91
418,Mananjary,100,MG,2021-11-28 19:55:06,75,-21.2167,48.3333,70.77,4.27
419,Niamey,100,NE,2021-11-28 19:55:07,10,13.5137,2.1098,91.69,2.3
420,Ballitoville,20,ZA,2021-11-28 19:55:07,94,-29.539,31.2144,69.94,9.22
421,Bilibino,95,RU,2021-11-28 19:55:07,99,68.0546,166.4372,-7.42,3.69
422,Itoman,75,JP,2021-11-28 19:55:07,68,26.1247,127.6694,70.18,12.66
423,Cedar City,1,US,2021-11-28 19:52:08,34,37.6775,-113.0619,47.37,3.44
424,Nagato,100,JP,2021-11-28 19:55:08,72,34.3833,131.2,44.51,7.23
425,Vila Franca Do Campo,96,PT,2021-11-28 19:50:09,70,37.7167,-25.4333,61.21,4.92
426,Walvis Bay,0,NA,2021-11-28 19:55:08,88,-22.9575,14.5053,61.75,9.22
427,Dali,1,CN,2021-11-28 19:55:09,77,25.7,100.1833,44.13,2.93
428,Rameswaram,100,IN,2021-11-28 19:55:09,82,9.2833,79.3,80.26,12.3
429,Nianzishan,32,CN,2021-11-28 19:55:09,91,47.5167,122.8833,12.27,4.54
430,Dingle,61,PH,2021-11-28 19:55:09,94,10.9995,122.6711,75.13,7.4
431,Bethanien,0,NA,2021-11-28 19:55:10,32,-26.502,17.1583,70.52,7.74
432,Bereda,100,ES,2021-11-28 19:55:10,94,43.2686,-7.5406,49.75,6.93
433,San Vicente,100,AR,2021-11-28 19:55:10,99,-26.6167,-54.1333,66.36,3.53
434,Petropavlovsk-Kamchatskiy,0,RU,2021-11-28 19:55:11,66,53.0452,158.6483,7.39,2.24
435,Nador,0,MA,2021-11-28 19:55:11,47,35.174,-2.9287,57.45,17.27
436,Marzuq,0,YE,2021-11-28 19:55:11,29,14.4,46.4667,64.47,3.18
437,Kirakira,96,SB,2021-11-28 19:55:12,80,-10.4544,161.9205,81.54,5.84
438,Chiang Rai,57,TH,2021-11-28 19:55:12,100,19.9167,99.9167,62.58,0.0
439,Ribeira Grande,20,PT,2021-11-28 19:55:12,67,38.5167,-28.7,61.2,6.91
440,Gavle,98,SE,2021-11-28 19:55:13,56,60.6745,17.1417,29.95,6.89
441,Saint George,1,US,2021-11-28 19:55:13,24,37.1041,-113.5841,73.87,4.61
442,Whitianga,100,NZ,2021-11-28 19:55:13,65,-36.8333,175.7,66.4,3.4
443,Evensk,100,RU,2021-11-28 19:55:14,95,61.95,159.2333,15.53,3.47
444,Urengoy,79,RU,2021-11-28 19:55:14,100,65.9667,78.3667,-22.07,4.52
445,Northam,99,GB,2021-11-28 19:55:14,74,51.0333,-4.2167,40.62,21.07
446,Fukue,8,JP,2021-11-28 19:55:15,58,32.6881,128.8419,56.12,3.09
447,Camana,88,PE,2021-11-28 19:55:15,74,-16.6228,-72.7111,69.71,7.85
448,Buchanan,18,LR,2021-11-28 19:55:15,82,5.8808,-10.0467,78.76,6.78
449,Patitirion,92,GR,2021-11-28 19:55:16,75,39.15,23.8667,64.04,14.99
450,Anchorage,75,US,2021-11-28 19:55:16,77,61.2181,-149.9003,-5.48,4.61
451,Kenai,90,US,2021-11-28 19:55:16,85,60.5544,-151.2583,3.29,3.44
452,Kiruna,100,SE,2021-11-28 19:55:17,76,67.8557,20.2251,-17.48,0.0
453,Sorong,100,ID,2021-11-28 19:55:17,85,-0.8833,131.25,78.55,3.83
454,Yekaterinovka,100,RU,2021-11-28 19:53:58,98,52.0508,44.3451,37.8,7.23
455,Bowen,100,AU,2021-11-28 19:55:17,80,-20.0167,148.2333,75.42,10.71
456,Hami,0,CN,2021-11-28 19:56:18,57,42.8,93.45,24.96,4.76
457,Bathsheba,20,BB,2021-11-28 19:56:18,66,13.2167,-59.5167,86.61,14.97
458,Roma,90,US,2021-11-28 19:51:52,80,43.2128,-75.4557,33.94,5.75
459,Ust-Tsilma,100,RU,2021-11-28 19:56:18,94,65.441,52.1498,13.06,7.11
460,Nuuk,100,GL,2021-11-28 19:55:09,95,64.1835,-51.7216,38.3,22.26
461,Meadow Lake,0,US,2021-11-28 19:56:19,22,34.8014,-106.5436,65.17,5.53
462,Patnos,69,TR,2021-11-28 19:56:19,93,39.2336,42.8634,38.05,2.8
463,Neiafu,20,TO,2021-11-28 19:56:19,69,-18.65,-173.9833,79.48,10.36
464,Xinyu,7,CN,2021-11-28 19:56:20,85,27.8043,114.9334,53.04,2.89
465,Rosario,75,AR,2021-11-28 19:54:33,64,-32.9468,-60.6393,69.71,23.02
466,Afua,81,BR,2021-11-28 19:56:20,72,-0.1567,-50.3867,83.26,6.2
467,Tanout,73,NE,2021-11-28 19:56:20,12,14.9709,8.8879,77.81,9.71
468,Eyrarbakki,100,IS,2021-11-28 19:56:21,98,63.863,-21.1481,41.05,5.68
469,Juan Lacaze,100,UY,2021-11-28 19:56:21,92,-34.4342,-57.4381,68.07,12.3
470,Dawlatabad,0,AF,2021-11-28 19:56:21,54,36.4141,64.9053,51.24,4.72
471,Balkhash,0,KZ,2021-11-28 19:56:21,52,46.844,74.9804,22.73,12.55
472,Usinsk,100,RU,2021-11-28 19:56:22,95,65.9939,57.5281,11.95,12.8
473,Deogarh,53,IN,2021-11-28 19:56:22,57,21.5333,84.7333,59.5,2.57
474,Khryashchevka,100,RU,2021-11-28 19:56:22,93,53.8119,49.0916,31.98,13.33
475,Chimbote,100,PE,2021-11-28 19:54:54,79,-9.0853,-78.5783,69.17,9.89
476,Piacabucu,85,BR,2021-11-28 19:56:23,79,-10.4056,-36.4344,81.01,14.23
477,Tomatlan,75,MX,2021-11-28 19:56:23,44,19.9333,-105.25,88.5,9.33
478,Moranbah,85,AU,2021-11-28 19:56:23,88,-22.0016,148.0466,73.83,12.21
479,Belmonte,37,BR,2021-11-28 19:56:24,83,-15.8631,-38.8828,80.6,14.16
480,Ulladulla,95,AU,2021-11-28 19:56:24,72,-35.35,150.4667,56.3,3.62
481,Finschhafen,82,PG,2021-11-28 19:56:24,75,-6.6024,147.8681,79.54,7.0
482,Teacapan,98,MX,2021-11-28 19:56:25,54,22.55,-105.75,81.27,8.61
483,Tornio,98,FI,2021-11-28 19:56:25,95,65.8481,24.1466,8.62,2.91
484,Tazmalt,60,DZ,2021-11-28 19:56:25,78,36.3868,4.3989,44.04,11.21
485,Alekseyevsk,100,RU,2021-11-28 19:56:25,94,57.8406,108.3492,15.53,7.23
486,Karaton,100,ID,2021-11-28 19:56:26,94,-6.3424,106.1045,73.56,4.9
487,Mananara,72,MG,2021-11-28 19:56:26,85,-16.1667,49.7667,73.71,5.82
488,Laguna,1,US,2021-11-28 19:56:26,59,38.421,-121.4238,71.42,6.91
489,Athabasca,100,CA,2021-11-28 19:56:27,98,54.7169,-113.2854,35.42,12.33
490,Springbok,20,ZA,2021-11-28 19:56:27,77,-29.6643,17.8865,58.55,4.05
491,Melita,100,CA,2021-11-28 19:56:27,63,49.2681,-100.9967,32.85,10.0
492,Ilulissat,100,GL,2021-11-28 19:56:28,75,69.2167,-51.1,4.64,6.35
493,Niksic,86,ME,2021-11-28 19:56:28,94,42.7731,18.9445,53.47,10.83
494,Doha,0,QA,2021-11-28 19:56:28,49,25.2867,51.5333,71.58,9.22
495,Saint-Denis,75,FR,2021-11-28 19:56:28,91,48.9167,2.3333,37.89,5.75
496,Zeya,0,RU,2021-11-28 19:56:29,58,53.75,127.2667,5.99,5.5
497,Kozhevnikovo,100,RU,2021-11-28 19:56:29,96,56.2589,83.9714,15.31,8.28
498,Naron,99,ES,2021-11-28 19:56:30,87,43.5167,-8.1528,54.45,14.25
499,Lowestoft,15,GB,2021-11-28 19:56:30,65,52.4752,1.7516,37.65,17.38
500,Aloleng,41,PH,2021-11-28 19:52:43,76,16.1307,119.7824,79.47,5.7
501,Tabuk,30,PH,2021-11-28 19:56:30,93,17.4189,121.4443,72.12,3.24
502,Keetmanshoop,34,NA,2021-11-28 19:57:31,10,-26.5833,18.1333,77.92,7.78
503,Staryy Nadym,100,RU,2021-11-28 19:57:31,97,65.6118,72.6842,-12.17,6.67
504,Tarauaca,75,BR,2021-11-28 19:52:49,52,-8.1614,-70.7656,90.01,4.25
505,Zhucheng,100,CN,2021-11-28 19:57:31,90,35.9947,119.3975,50.85,0.83
506,Diu,98,IN,2021-11-28 19:57:32,46,20.7141,70.9822,75.09,8.5
507,Fairbanks,1,US,2021-11-28 19:56:00,72,64.8378,-147.7164,-25.64,0.0
508,Pangkalanbuun,100,ID,2021-11-28 19:57:32,98,-2.6833,111.6167,70.7,2.42
509,Abu Zabad,3,SD,2021-11-28 19:57:32,27,12.35,29.25,80.33,12.68
510,Burdur,75,TR,2021-11-28 19:57:33,67,37.7203,30.2908,56.1,3.44
511,Daru,100,PG,2021-11-28 19:57:33,80,-9.0763,143.2092,79.14,3.04
512,Adrar,0,MR,2021-11-28 19:52:34,29,20.5022,-10.0711,63.61,11.52
513,Tual,72,ID,2021-11-28 19:57:33,71,-5.6667,132.75,83.14,2.35
514,Molochnoye,93,RU,2021-11-28 19:57:34,92,59.2917,39.6787,28.4,10.04
515,Baghdad,0,IQ,2021-11-28 19:57:34,62,33.3406,44.4009,55.31,2.3
516,Hailar,93,CN,2021-11-28 19:57:34,98,49.2,119.7,4.91,6.08
517,Deputatskiy,100,RU,2021-11-28 19:57:35,96,69.3,139.9,-12.21,5.23
518,Murakami,12,JP,2021-11-28 19:57:35,77,38.2333,139.4833,39.36,3.31
519,Rocha,100,UY,2021-11-28 19:57:35,91,-34.4833,-54.3333,68.5,4.18
520,Ponta Do Sol,57,PT,2021-11-28 19:57:35,76,32.6667,-17.1,63.23,8.52
521,Necochea,100,AR,2021-11-28 19:57:36,81,-38.5473,-58.7368,65.37,9.24
522,High Prairie,100,CA,2021-11-28 19:57:37,84,55.4334,-116.4858,40.3,10.09
523,Buhe,42,CN,2021-11-28 19:57:37,53,30.2876,112.2298,50.07,6.24
524,Price,0,US,2021-11-28 19:56:28,34,39.5994,-110.8107,53.78,2.37
525,Riachao Das Neves,55,BR,2021-11-28 19:57:37,72,-11.7461,-44.91,80.89,3.49
526,Tegal,96,ID,2021-11-28 19:57:38,82,-6.8694,109.1402,77.02,5.19
527,Naantali,0,FI,2021-11-28 19:57:38,79,60.4674,22.0243,18.01,6.91
528,Gamba,53,GA,2021-11-28 19:57:38,87,-2.65,10.0,77.63,8.32
529,Havre-Saint-Pierre,90,CA,2021-11-28 19:57:39,80,50.2334,-63.5986,35.6,13.8
530,Port Augusta,0,AU,2021-11-28 19:57:39,49,-32.5,137.7667,57.34,6.69
531,Saint-Pierre,20,RE,2021-11-28 19:57:39,78,-21.3393,55.4781,76.68,5.75
532,Kangaatsiaq,100,GL,2021-11-28 19:57:39,65,68.3065,-53.4641,20.73,24.49
533,La Ronge,90,CA,2021-11-28 19:54:10,74,55.1001,-105.2842,23.25,12.66
534,Vanimo,100,PG,2021-11-28 19:57:40,90,-2.6741,141.3028,76.78,5.03
535,La Macarena,74,CO,2021-11-28 19:57:40,53,2.1837,-73.7849,88.59,6.53
536,Muisne,100,EC,2021-11-28 19:57:40,83,0.6,-80.0333,82.51,12.08
537,Ocampo,100,MX,2021-11-28 19:57:41,35,21.65,-101.5,66.69,3.58
538,East London,20,ZA,2021-11-28 19:57:41,77,-33.0153,27.9116,69.44,5.48
539,Port Blair,11,IN,2021-11-28 19:57:41,74,11.6667,92.75,79.86,7.54
540,Fort Frances,90,CA,2021-11-28 19:54:10,63,48.5999,-93.4003,26.82,6.91
541,Katangli,100,RU,2021-11-28 19:57:42,82,51.7102,143.2326,21.65,6.85
542,Murchison,96,NZ,2021-11-28 19:57:42,98,-41.8,172.3333,60.91,0.58
543,Gilgit,67,PK,2021-11-28 19:57:42,54,35.9221,74.3087,43.3,3.27
544,Vestmanna,90,FO,2021-11-28 19:57:43,80,62.1564,-7.1664,34.72,0.0
545,Alamos,98,MX,2021-11-28 19:57:43,27,27.0167,-108.9333,81.75,2.62
546,Nakhon Nayok,100,TH,2021-11-28 19:57:43,68,14.1667,101.1,80.58,5.79
547,Byron Bay,93,AU,2021-11-28 19:57:44,86,-28.65,153.6167,67.95,8.77
548,Fuling,100,CN,2021-11-28 19:57:44,69,29.7022,107.3919,55.85,1.97
549,Batagay-Alyta,99,RU,2021-11-28 19:57:44,93,67.8006,130.4114,-19.07,4.09
550,Seydi,0,TM,2021-11-28 19:57:44,47,39.4816,62.9137,46.4,7.74
551,Riyadh,0,SA,2021-11-28 19:57:45,33,24.6877,46.7219,64.54,7.58
552,Saint Anthony,20,US,2021-11-28 19:58:45,30,45.0205,-93.218,39.13,11.5
553,Oyotun,100,PE,2021-11-28 19:58:45,50,-6.8519,-79.3036,72.99,9.01
554,Tazovskiy,90,RU,2021-11-28 19:58:46,100,67.4667,78.7,-14.48,5.1
555,Upata,84,VE,2021-11-28 19:58:46,79,8.0086,-62.3989,79.12,6.29
556,Eureka,79,US,2021-11-28 19:58:46,82,40.8021,-124.1637,54.21,4.7
557,Honiara,99,SB,2021-11-28 19:58:47,83,-9.4333,159.95,80.19,2.24
558,Inhambane,0,MZ,2021-11-28 19:58:47,67,-23.865,35.3833,71.94,11.32
559,Pathalgaon,100,IN,2021-11-28 19:58:47,49,22.5667,83.4667,57.87,3.49
560,Grand Gaube,7,MU,2021-11-28 19:58:47,71,-20.0064,57.6608,75.6,7.05
561,Kuusamo,40,FI,2021-11-28 19:58:48,84,65.9667,29.1833,-2.16,4.61
562,Rimouski,100,CA,2021-11-28 19:58:09,75,48.4488,-68.524,28.08,19.06
563,Bandarbeyla,32,SO,2021-11-28 19:58:49,74,9.4942,50.8122,78.1,19.26
564,Sucre,63,BO,2021-11-28 19:54:58,50,-19.0333,-65.2627,69.24,24.36
565,Nikolayevka,100,RU,2021-11-28 19:58:49,99,53.1257,47.2041,34.52,5.59
566,Cabinda,20,AO,2021-11-28 19:58:49,83,-5.55,12.2,80.74,8.05
567,Paka,100,MY,2021-11-28 19:58:50,100,4.6374,103.4368,75.13,0.0
568,Palafrugell,13,ES,2021-11-28 19:58:50,61,41.9174,3.1631,36.36,16.2
569,Kafanchan,44,NG,2021-11-28 19:58:50,26,9.5833,8.3,71.53,2.8
570,Quatre Cocos,4,MU,2021-11-28 19:58:51,72,-20.2078,57.7625,75.31,5.17
571,Nabire,96,ID,2021-11-28 19:58:51,91,-3.3667,135.4833,75.92,3.76
572,Zhuhai,0,CN,2021-11-28 19:58:51,73,22.2769,113.5678,69.51,12.66
